variant,precision,batch,res,tokens,status,median_ms,p90_ms,p99_ms,throughput_img_s,peak_allocated_gb,peak_reserved_gb,weights_mb,pass_spread_pct,stable,all_mem_clock_ok,all_vram_headroom_ok,power_w_median,sm_clock_mhz_median
dinov2_vits14,fp32,1,224,257,ok,3.5876,3.9063,4.2782,278.7,0.095,0.111,82.5,4.7,True,True,True,116.4725,2640.0
dinov2_vits14,tf32,1,224,257,ok,2.2167,3.3119,5.568,451.1,0.095,0.111,82.5,15.7,False,False,True,99.59,2531.0
dinov2_vits14,fp16,1,224,257,ok,3.3654,6.1284,8.2244,297.1,0.052,0.059,41.3,52.3,False,False,True,77.205,2445.0
dinov2_vits14,bf16,1,224,257,ok,2.536,3.5368,5.6639,394.3,0.052,0.059,41.3,5.2,False,True,True,78.805,2628.5
dinov2_vits14,fp32,2,224,257,ok,4.6366,4.9986,5.6464,431.3,0.1,0.111,82.5,2.8,True,True,True,127.98,2486.0
dinov2_vits14,tf32,2,224,257,ok,2.5994,4.6057,6.3092,769.4,0.1,0.111,82.5,7.3,False,False,True,112.83000000000001,2340.0
dinov2_vits14,fp16,2,224,257,ok,2.5283,5.5671,7.8595,791.1,0.054,0.057,41.3,31.7,False,False,True,96.32,2081.0
dinov2_vits14,bf16,2,224,257,ok,2.2404,3.4179,5.775,892.7,0.054,0.057,41.3,16.4,False,False,True,104.7525,2197.5
dinov2_vits14,fp32,4,224,257,ok,6.9601,7.4,7.994,574.7,0.11,0.129,82.5,0.2,True,False,True,128.83749999999998,2388.5
dinov2_vits14,tf32,4,224,257,ok,4.153,5.7914,6.6608,963.2,0.11,0.129,82.5,5.3,False,False,True,129.57,2460.0
dinov2_vits14,fp16,4,224,257,ok,2.4985,2.9916,5.7449,1601.0,0.059,0.078,41.3,10.8,False,False,True,115.525,2572.5
dinov2_vits14,bf16,4,224,257,ok,3.3952,5.4737,6.9062,1178.1,0.059,0.078,41.3,50.3,False,False,True,110.1025,2456.0
dinov2_vits14,fp32,8,224,257,ok,12.0442,12.6029,13.1532,664.2,0.127,0.156,82.5,2.0,True,False,True,131.64999999999998,2216.0
dinov2_vits14,tf32,8,224,257,ok,7.5819,8.0781,8.8086,1055.1,0.127,0.156,82.5,4.6,True,False,True,135.16500000000002,2534.5
dinov2_vits14,fp16,8,224,257,ok,3.7444,4.2441,6.9208,2136.5,0.069,0.074,41.3,3.4,True,False,True,131.33,2394.25
dinov2_vits14,bf16,8,224,257,ok,4.0564,4.3989,4.8812,1972.2,0.069,0.074,41.3,2.5,True,False,True,133.865,2568.5
dinov2_vits14,fp32,16,224,257,ok,23.0589,24.0122,24.6331,693.9,0.164,0.219,82.5,3.0,True,False,True,134.465,2178.5
dinov2_vits14,tf32,16,224,257,ok,13.8799,14.7422,15.5061,1152.7,0.164,0.219,82.5,0.9,True,False,True,134.8125,2553.5
dinov2_vits14,fp16,16,224,257,ok,6.9442,7.5914,8.5289,2304.1,0.087,0.107,41.3,6.0,False,False,True,127.5125,2210.25
dinov2_vits14,bf16,16,224,257,ok,7.2404,7.6956,8.3744,2209.8,0.087,0.107,41.3,6.2,False,False,True,125.2525,2536.75
dinov2_vits14,fp32,32,224,257,ok,45.2747,47.0996,50.4776,706.8,0.238,0.305,82.5,2.1,True,False,True,137.3275,2154.0
dinov2_vits14,tf32,32,224,257,ok,28.7376,30.5664,33.257,1113.5,0.238,0.305,82.5,1.2,True,False,True,133.8725,2499.25
dinov2_vits14,fp16,32,224,257,ok,13.6208,14.6014,15.878,2349.4,0.124,0.164,41.3,3.2,True,False,True,127.43,2343.5
dinov2_vits14,bf16,32,224,257,ok,13.7888,14.6558,15.7442,2320.7,0.124,0.164,41.3,3.2,True,False,True,128.8575,2519.5
dinov2_vits14,fp32,1,336,577,ok,5.591,6.0708,6.5603,178.9,0.101,0.113,83.0,3.9,True,False,True,127.66749999999999,2559.25
dinov2_vits14,tf32,1,336,577,ok,3.3857,3.7346,4.6588,295.4,0.101,0.113,83.0,4.5,True,False,True,121.14249999999998,2536.75
dinov2_vits14,fp16,1,336,577,ok,2.8182,3.9065,6.5591,354.8,0.056,0.059,41.5,24.2,False,True,True,102.975,2097.75
dinov2_vits14,bf16,1,336,577,ok,2.3993,4.3015,7.8046,416.8,0.056,0.059,41.5,13.5,False,False,True,109.5,2326.5
dinov2_vits14,fp32,2,336,577,ok,8.7752,9.6292,11.29,227.9,0.112,0.129,83.0,1.1,True,False,True,122.62,2347.0
dinov2_vits14,tf32,2,336,577,ok,5.4984,6.4442,7.1595,363.7,0.112,0.129,83.0,4.6,True,False,True,130.39249999999998,2491.5
dinov2_vits14,fp16,2,336,577,ok,2.823,5.6187,6.7961,708.5,0.06,0.078,41.5,11.9,False,False,True,116.44500000000001,2531.0
dinov2_vits14,bf16,2,336,577,ok,3.0277,4.6027,5.482,660.6,0.06,0.078,41.5,22.5,False,False,True,119.245,2572.0
dinov2_vits14,fp32,4,336,577,ok,15.6601,17.3922,18.2438,255.4,0.133,0.156,83.0,3.7,True,False,True,128.625,2257.0
dinov2_vits14,tf32,4,336,577,ok,10.098,11.359,11.9697,396.1,0.133,0.156,83.0,4.3,True,False,True,126.875,2570.5
dinov2_vits14,fp16,4,336,577,ok,4.3539,5.3223,6.6457,918.7,0.071,0.094,41.5,3.8,True,False,True,129.3425,2186.0
dinov2_vits14,bf16,4,336,577,ok,4.3708,5.625,7.2846,915.2,0.071,0.094,41.5,2.9,True,False,True,131.9425,2557.5
dinov2_vits14,fp32,8,336,577,ok,29.8985,32.036,35.6334,267.6,0.175,0.225,83.0,1.4,True,False,True,132.06,2220.0
dinov2_vits14,tf32,8,336,577,ok,19.2118,20.5439,22.008,416.4,0.175,0.225,83.0,4.0,True,False,True,132.585,2538.5
dinov2_vits14,fp16,8,336,577,ok,8.1346,8.7513,9.6417,983.4,0.093,0.107,41.5,5.2,False,False,True,129.9275,2242.5
dinov2_vits14,bf16,8,336,577,ok,8.1625,8.6546,9.4273,980.1,0.093,0.107,41.5,6.0,False,False,True,131.3125,2457.75
dinov2_vits14,fp32,16,336,577,ok,57.4408,61.7527,64.5828,278.5,0.258,0.322,83.0,3.9,True,False,True,136.88,2201.0
dinov2_vits14,tf32,16,336,577,ok,37.4271,39.4493,42.5505,427.5,0.258,0.322,83.0,5.7,False,False,True,136.995,2516.0
dinov2_vits14,fp16,16,336,577,ok,15.499,16.6421,17.8863,1032.3,0.135,0.18,41.5,0.6,True,False,True,134.95749999999998,2388.5
dinov2_vits14,bf16,16,336,577,ok,15.5441,16.4743,17.8276,1029.3,0.135,0.182,41.5,1.4,True,False,True,135.645,2534.5
dinov2_vits14,fp32,32,336,577,ok,119.2402,129.2773,143.4195,268.4,0.425,0.555,83.0,0.5,True,False,True,137.025,2231.0
dinov2_vits14,tf32,32,336,577,ok,79.1977,83.6288,91.4751,404.1,0.425,0.555,83.0,5.7,False,False,True,137.28,2575.75
dinov2_vits14,fp16,32,336,577,ok,31.3261,32.5889,34.0927,1021.5,0.216,0.291,41.5,3.0,True,False,True,138.53750000000002,2437.25
dinov2_vits14,bf16,32,336,577,ok,31.5622,32.841,34.8485,1013.9,0.217,0.283,41.5,4.9,True,False,True,138.69,2529.0
dinov2_vits14,fp32,1,448,1025,ok,9.3644,9.7983,10.3192,106.8,0.11,0.127,83.6,5.8,False,False,True,133.16500000000002,2508.5
dinov2_vits14,tf32,1,448,1025,ok,6.6569,7.0092,7.3731,150.2,0.11,0.127,83.6,6.5,False,False,True,128.515,2628.25
dinov2_vits14,fp16,1,448,1025,ok,2.7799,3.0386,3.3392,359.7,0.06,0.08,41.8,3.8,True,False,True,134.315,2103.5
dinov2_vits14,bf16,1,448,1025,ok,3.2731,5.3932,7.9499,305.5,0.06,0.08,41.8,28.0,False,False,True,119.11,2583.5
dinov2_vits14,fp32,2,448,1025,ok,15.7769,16.3378,18.2242,126.8,0.128,0.154,83.6,5.3,False,False,True,135.45,2362.0
dinov2_vits14,tf32,2,448,1025,ok,11.324,11.8032,12.6856,176.6,0.128,0.154,83.6,2.8,True,False,True,135.975,2564.5
dinov2_vits14,fp16,2,448,1025,ok,4.5189,5.1613,5.7867,442.6,0.069,0.076,41.8,8.7,False,False,True,130.2475,2409.0
dinov2_vits14,bf16,2,448,1025,ok,4.6625,5.6289,6.8355,429.0,0.069,0.076,41.8,8.2,False,False,True,129.72,2561.0
dinov2_vits14,fp32,4,448,1025,ok,29.8726,30.8154,31.5131,133.9,0.165,0.217,83.6,5.2,False,False,True,135.1325,2285.5
dinov2_vits14,tf32,4,448,1025,ok,20.8614,22.4191,23.5907,191.7,0.165,0.217,83.6,3.8,True,False,True,135.905,2565.0
dinov2_vits14,fp16,4,448,1025,ok,7.851,8.5976,9.7077,509.5,0.087,0.109,41.8,3.6,True,False,True,135.8,2287.0
dinov2_vits14,bf16,4,448,1025,ok,8.2568,9.101,9.8085,484.4,0.087,0.109,41.8,3.6,True,False,True,132.8925,2508.75
dinov2_vits14,fp32,8,448,1025,ok,59.2334,60.9378,69.3704,135.1,0.239,0.303,83.6,4.2,True,False,True,137.54500000000002,2276.0
dinov2_vits14,tf32,8,448,1025,ok,41.8015,42.5549,44.1142,191.4,0.239,0.303,83.6,4.2,True,False,True,138.92,2591.0
dinov2_vits14,fp16,8,448,1025,ok,15.6977,16.756,18.3768,509.6,0.124,0.182,41.8,3.1,True,False,True,130.2925,2400.0
dinov2_vits14,bf16,8,448,1025,ok,15.9043,17.0903,19.0938,503.0,0.124,0.166,41.8,0.8,True,False,True,128.465,2512.0
dinov2_vits14,fp32,16,448,1025,ok,123.7682,133.7919,149.7767,129.3,0.385,0.533,83.6,1.6,True,False,True,134.6775,2285.25
dinov2_vits14,tf32,16,448,1025,ok,84.8928,89.2868,93.7125,188.5,0.385,0.533,83.6,4.4,True,False,True,136.695,2587.5
dinov2_vits14,fp16,16,448,1025,ok,31.0064,32.8424,34.9579,516.0,0.197,0.281,41.8,4.2,True,False,True,135.59499999999997,2426.0
dinov2_vits14,bf16,16,448,1025,ok,31.9962,34.8642,37.0939,500.1,0.197,0.277,41.8,1.8,True,False,True,132.5625,2508.5
dinov2_vits14,fp32,32,448,1025,ok,243.9326,264.4588,294.0336,131.2,0.68,0.943,83.6,6.2,False,False,True,135.1875,2276.0
dinov2_vits14,tf32,32,448,1025,ok,168.3499,172.8125,187.9002,190.1,0.68,0.943,83.6,0.1,True,False,True,139.28,2598.5
dinov2_vits14,fp16,32,448,1025,ok,65.1721,70.1081,75.8502,491.0,0.344,0.492,41.8,4.2,True,False,True,135.435,2407.5
dinov2_vits14,bf16,32,448,1025,ok,65.226,73.8916,87.7636,490.6,0.344,0.482,41.8,1.6,True,False,True,135.54250000000002,2542.0
dinov2_vitb14,fp32,1,224,257,ok,7.1161,7.5206,7.9225,140.5,0.337,0.379,327.0,0.9,True,False,True,133.245,2398.0
dinov2_vitb14,fp16,1,224,257,ok,2.3866,3.0852,5.9572,419.0,0.18,0.182,163.5,0.8,True,False,True,127.955,2441.0
dinov2_vitb14,bf16,1,224,257,ok,3.1051,5.2606,6.371,322.1,0.18,0.182,163.5,1.7,True,False,True,111.17500000000001,2512.25
dinov2_vitb14,fp32,8,224,257,ok,40.0561,42.2687,45.5025,199.7,0.398,0.465,327.0,2.1,True,False,True,135.51,2152.0
dinov2_vitb14,fp16,8,224,257,ok,10.6106,11.5278,12.57,754.0,0.209,0.232,163.5,3.1,True,False,True,126.8575,2242.25
dinov2_vitb14,bf16,8,224,257,ok,11.3753,12.8866,15.6531,703.3,0.209,0.232,163.5,2.9,True,False,True,126.44,2538.5
